name,category,brand,price,availability,url,dispensary_name,scraped_at
Bobsled 1g APE DIESEL Cured Resin Dab Jar 1g Concentrates,Indica - 8.76% Terpenes,Bobsled Extracts,8.40,InStock,https://www.treasurevalleycannabis.com/product/bobsled-1g-ape-diesel-cured-resin-dab-jar-68b0e8407679b70007884b6a/,Treasure Valley Cannabis,2026-03-28T06:22:54.155123Z
Bobsled 1g HAWAIIAN HAZE Cured Resin Dab Jar 1g Concentrates,Sativa - 7.16% Terpenes,Bobsled Extracts,8.40,InStock,https://www.treasurevalleycannabis.com/product/bobsled-1g-hawaiian-haze-cured-resin-dab-jar-68b0e7ac65f5ad00071b3751/,Treasure Valley Cannabis,2026-03-28T06:22:54.166198Z
Mule Extracts 1g BLUE HALO LR Dank Tank 1g Vaporizers,Sativa-Hybrid - 6.90% Terpenes,Mule Extracts,25.20,InStock,https://www.treasurevalleycannabis.com/product/mule-extracts-1g-blue-halo-lr-dank-tank-68b0fa7565f5ad00071bbf1e/,Treasure Valley Cannabis,2026-03-28T06:22:54.406687Z
1:1:1 Blackberry Lemonade Pearls &#8211; CBN/CBD/THC &#8211; Sleepy Indica 35g Edibles,"Cozy up and wind down with Blackberry Lemonade Pearls. Infused with equal parts CBD, CBN, and THC in a 1:1:1 ratio, the sleepy indica effects will keep you",Grön,16.80,InStock,https://www.treasurevalleycannabis.com/product/1-1-1-blackberry-lemonade-pearls-cbn-cbd-thc-sleepy-indica-68a903a88a5c6e000768f239/,Treasure Valley Cannabis,2026-03-28T06:22:54.421952Z
Freshy 1g KILLER KIWI Flavored Live Resin All-In-One 1g Vaporizers,Sativa - N/A% Terpenes,FRESHY,19.80,InStock,https://www.treasurevalleycannabis.com/product/freshy-1g-killer-kiwi-flavored-live-resin-all-in-one-68b0e21db13e640007b9416a/,Treasure Valley Cannabis,2026-03-28T06:22:55.100246Z
Mule Extracts 2g SATIVA SOUFFLE M-Tec Distillate Dank Tank 2g Vaporizers,Sativa - 5.15% Terpenes,Mule Extracts,28.00,InStock,https://www.treasurevalleycannabis.com/product/mule-extracts-2g-sativa-souffle-m-tec-distillate-dank-tank-68a6227d861df10007a6dbbb/,Treasure Valley Cannabis,2026-03-28T06:22:55.110276Z
Freshy 1g MIMOSA Flavored Live Resin + Melted Diamonds All-In-One 1g Vaporizers,Hybrid,FRESHY,13.20,InStock,https://www.treasurevalleycannabis.com/product/freshy-1g-mimosa-flavored-live-resin-melted-diamonds-all-in-one-68b0e21db13e640007b94167/,Treasure Valley Cannabis,2026-03-28T06:22:55.119804Z
Mule Extracts 2g DUSTY ROSE LR Dank Tank 2g Vaporizers,Indica-Hybrid - 4.07% Terpenes,Mule Extracts,37.80,InStock,https://www.treasurevalleycannabis.com/product/mule-extracts-2g-dusty-rose-lr-dank-tank-68b0fa7565f5ad00071bbf1b/,Treasure Valley Cannabis,2026-03-28T06:22:55.130819Z
Entourage Cannabis 2g STREET HEAT Live Resin All-In-One Cannabis Extract Vaporizer 2g Vaporizers,Indica-Hybrid - 17.93% Terpenes,Entourage Cannabis,45.49,InStock,https://www.treasurevalleycannabis.com/product/entourage-cannabis-2g-street-heat-live-resin-all-in-one-cannabis-extract-vaporizer-68b0fa7465f5ad00071bbf15/,Treasure Valley Cannabis,2026-03-28T06:22:55.140883Z
Bobsled 1g APRICOT JELLY Cured Resin Dab Jar 1g Concentrates,Hybrid - 6.79% Terpenes,Bobsled Extracts,8.40,InStock,https://www.treasurevalleycannabis.com/product/bobsled-1g-apricot-jelly-cured-resin-dab-jar-68b0ec697679b70007886907/,Treasure Valley Cannabis,2026-03-28T06:22:55.150333Z
$100 White Spur 1oz Flower,Hybrid - 2.86% Terpenes - Zkittlez X Gelato Lineage,Gud Gardens,100.00,InStock,https://www.treasurevalleycannabis.com/product/100-white-spur-68b1a3377679b7000789f8fe/,Treasure Valley Cannabis,2026-03-28T06:22:55.169008Z
THC Orange Yuzu Rosin Pearls &#8211; Sativa 35g Edibles,"Pucker up and power through with Orange Yuzu Pearls. Bringing big, bold flavor with a tangy twist, these Pearls will wake up your taste buds and help you",Grön,24.00,InStock,https://www.treasurevalleycannabis.com/product/thc-orange-yuzu-rosin-pearls-sativa-6865e512f67437000731d53c/,Treasure Valley Cannabis,2026-03-28T06:22:55.191354Z
$6 Double Solo Burger 1g Flower,Indica-Hybrid - 2.53% Terpenes,Piff Stixs,3.60,InStock,https://www.treasurevalleycannabis.com/product/6-double-solo-burger-68b1bf57e8f23000076e4c9c/,Treasure Valley Cannabis,2026-03-28T06:22:55.209394Z
Wyld 100mg HUCKLEBERRY Hybrid Gummies 10pk 40g Edibles,Hybrid,Wyld,10.80,InStock,https://www.treasurevalleycannabis.com/product/wyld-100mg-huckleberry-hybrid-gummies-10pk-68b0ec697679b7000788690d/,Treasure Valley Cannabis,2026-03-28T06:22:55.220719Z
1:1 Peach Prosecco Pearls &#8211; CBD/THC &#8211; Hybrid 35g Edibles,"You’re going to love the light, bright Peach Prosecco flavor in these Pearls. Infused with equal parts CBD and THC, the hybrid effects will leave you balanced",Grön,20.00,InStock,https://www.treasurevalleycannabis.com/product/1-1-peach-prosecco-pearls-cbd-thc-hybrid-68ac7955199344000789ab46/,Treasure Valley Cannabis,2026-03-28T06:22:55.233046Z
Baja Blaze Mega 20g Edibles,Ride a wave of flavor with a sun-kissed splash of sour and sweet. It&#039;s the taste of paradise turned all the way up! Pair with tacos or chips &amp; salsa for a,Grön,12.00,InStock,https://www.treasurevalleycannabis.com/product/baja-blaze-mega-57766-6865e512f67437000731d53f/,Treasure Valley Cannabis,2026-03-28T06:22:55.244155Z
Bobsled GARLIC MINTS Cured Resin Dab Jar 1g Concentrates,Hybrid - 6.66% Terpenes,Bobsled Extracts,12.00,InStock,https://www.treasurevalleycannabis.com/product/bobsled-garlic-mints-cured-resin-dab-jar-68b0ec697679b7000788690a/,Treasure Valley Cannabis,2026-03-28T06:22:55.255424Z
$14 Mac Mosa 1g Flower,Hybrid,PDX Organix,9.80,InStock,https://www.treasurevalleycannabis.com/product/14-mac-mosa-68b0e21db13e640007b9415c/,Treasure Valley Cannabis,2026-03-28T06:22:55.265517Z
Entourage Cannabis 2g BLUE DREAM OG Live Resin All-In-One Cannabis Extract Vaporizer 2g Vaporizers,Sativa-Hybrid - 10.04% Terpenes,Entourage Cannabis,45.49,InStock,https://www.treasurevalleycannabis.com/product/entourage-cannabis-2g-blue-dream-og-live-resin-all-in-one-cannabis-extract-vaporizer-68b0fa7465f5ad00071bbf18/,Treasure Valley Cannabis,2026-03-28T06:22:55.275414Z
5mm &#8211; 8” Pastel Ribbed Straight Tube &#8211; &#8211; SLIME GREEN N/A Accessories,GREEN N/A Accessories,Treasure Valley Cannabis Co. (Glass),30.00,InStock,https://www.treasurevalleycannabis.com/product/5mm-8-pastel-ribbed-straight-tube-slime-green-68afe133f2213100070f9211/,Treasure Valley Cannabis,2026-03-28T06:22:55.285085Z
Verdant Leaf 100mg 1:1 THC:CBN BLUEBERRY &#8211; PAPAYA Live Rosin Nano-Infused Single Gummy 26.33g Edibles,Indica,Verdant Leaf,9.00,InStock,https://www.treasurevalleycannabis.com/product/verdant-leaf-100mg-1-1-thc-cbn-blueberry-papaya-live-rosin-nano-infused-single-gummy-68af8da2b13e640007b467b6/,Treasure Valley Cannabis,2026-03-28T06:22:55.294587Z
Bobsled 1000mg AMNESIA HAZE Live Resin Tincture 1g Tinctures,Sativa,Bobsled Extracts,25.20,InStock,https://www.treasurevalleycannabis.com/product/bobsled-1000mg-amnesia-haze-live-resin-tincture-68ae1f374db66b0007202395/,Treasure Valley Cannabis,2026-03-28T06:22:55.305073Z
$80 Caliburger 27 1oz Flower,"Hybrid - Lineage: Tangie Cookie Burger x Tropsicle #18 - The $80 Ounce is a limited time special, get yours while supplies last! Don&#039;t miss out! Fresh harvest",Treasure Valley Cannabis Company,80.00,InStock,https://www.treasurevalleycannabis.com/product/80-caliburger-27-68afc517e8f230000768701b/,Treasure Valley Cannabis,2026-03-28T06:22:55.314882Z
Medicine Farm 1fl oz 1000mg 1:1 THC:CBD PASSION BERRY &#8211; BALANCE &#038; CALM Cannabis &#038; Hemp Tincture 1g Tinctures,Our 1:1 Hybrid tincture now has its own flavor! Bursting with lip-smacking flavor that leaves your mouth buzzing while providing soothing stress relief to,Medicine Farm,32.40,InStock,https://www.treasurevalleycannabis.com/product/medicine-farm-1fl-oz-1000mg-1-1-thc-cbd-passion-berry-balance-calm-cannabis-hemp-tincture-68ae1f374db66b0007202392/,Treasure Valley Cannabis,2026-03-28T06:22:55.324386Z
$ apricot Pie 1g Flower,Hybrid - 3.32% Terpenes,Pacific Grove,8.40,InStock,https://www.treasurevalleycannabis.com/product/apricot-pie-68b0aaec7679b7000786ef70/,Treasure Valley Cannabis,2026-03-28T06:22:55.333798Z
Disco Dabs 1g BLOCKBERRY x LEMON MERINGUE Groovy Doobie Diamond &#038; Crumble Infused Pre-Roll 1g Pre-rolls,Sativa - 3.18% Terpenes,Disco Dabs,12.00,InStock,https://www.treasurevalleycannabis.com/product/disco-dabs-1g-blockberry-x-lemon-meringue-groovy-doobie-diamond-crumble-infused-pre-roll-68ae1f374db66b000720238c/,Treasure Valley Cannabis,2026-03-28T06:22:55.349602Z
Wyld One 100mg 1:1 THC:CBN 100mg SOUR BLUEBERRY Indica Single Gummy 20g Edibles,"Indica - A convenient one-piece gummy experience at an approachable price, with the same great quality of all Wyld products. Wyld One gummies are made with",Wyld,5.40,InStock,https://www.treasurevalleycannabis.com/product/wyld-one-100mg-1-1-thc-cbn-100mg-sour-blueberry-indica-single-gummy-68a733548a5c6e000761fb37/,Treasure Valley Cannabis,2026-03-28T06:22:55.371454Z
Wyld 100mg 20:1 CBD:THC STRAWBERRY Hybrid Gummies 10pk 40g Edibles,"Our Strawberry 20:1 CBD:THC gummies are made with real fruit, a Hybrid terpene blend, and enhanced with cannabis-derived CBD oil. Perfect for relaxing your",Wyld,18.00,InStock,https://www.treasurevalleycannabis.com/product/wyld-100mg-20-1-cbd-thc-strawberry-hybrid-gummies-10pk-68ae112315728f0007387215/,Treasure Valley Cannabis,2026-03-28T06:22:56.090028Z
Dougie 2g Loot Bar GOLDEN GOAT Liquid Diamonds All In One 2g Vaporizers,"Hybrid - Loot Bar all-in-one rechargeable vapes. With 2 full grams of extract, 2x more than the other leading brands and the maximum amount allowed by law!",Dougie,40.00,InStock,https://www.treasurevalleycannabis.com/product/dougie-2g-loot-bar-golden-goat-liquid-diamonds-all-in-one-68af8da2b13e640007b467b0/,Treasure Valley Cannabis,2026-03-28T06:22:56.099807Z
$100 Kiwi Z 1oz Flower,Sativa-Hybrid,Gud Gardens,100.00,InStock,https://www.treasurevalleycannabis.com/product/100-kiwi-z-68ae2d4415728f0007390fe5/,Treasure Valley Cannabis,2026-03-28T06:22:56.111259Z
Disco Dabs 1g RUNTZ x BURGER BREATH Groovy Doobie Diamond &#038; Crumble Infused Pre-Roll 1g Pre-rolls,Indica - 2.47% Terpenes,Disco Dabs,12.00,InStock,https://www.treasurevalleycannabis.com/product/disco-dabs-1g-runtz-x-burger-breath-groovy-doobie-diamond-crumble-infused-pre-roll-68ae1f374db66b000720238f/,Treasure Valley Cannabis,2026-03-28T06:22:56.120421Z
Entourage Cannabis 1g CEREAL MILK CR Vape Cartridge 1g Vaporizers,Hybrid - 10.01% Terpenes - Snowman X Y-Life Lineage,Entourage Cannabis,22.40,InStock,https://www.treasurevalleycannabis.com/product/entourage-cannabis-1g-cereal-milk-cr-vape-cartridge-68af1c54e8f2300007657592/,Treasure Valley Cannabis,2026-03-28T06:22:56.130380Z
$80 Blueberry Muffin 1oz Flower,Indica-Hybrid - 3.71% Terpenes,Grown Rogue,80.00,InStock,https://www.treasurevalleycannabis.com/product/80-blueberry-muffin-68ae2d4415728f0007390fe8/,Treasure Valley Cannabis,2026-03-28T06:22:56.140612Z
$80 Ooh La La 1oz Flower,"Hybrid - Lineage: Wedding Cake x London Poundcake - 2.921% Terps - The $80 Ounce is a limited time special, get yours while supplies last! Don&#039;t miss out!",Treasure Valley Cannabis Company,80.00,InStock,https://www.treasurevalleycannabis.com/product/80-ooh-la-la-36452-68af5525b13e640007b38995/,Treasure Valley Cannabis,2026-03-28T06:22:56.165052Z
Disco Dabs 1g LEMON TART Shatter 1g Concentrates,Hybrid - 9.38% Terpenes,Disco Dabs,10.00,InStock,https://www.treasurevalleycannabis.com/product/disco-dabs-1g-lemon-tart-shatter-68ad05f9d37371000775b23e/,Treasure Valley Cannabis,2026-03-28T06:22:56.174530Z
Entourage Cannabis 1.5g THE SOAP x PEACH JET FUEL Infused Pre-Roll 1.5g Pre-rolls,Sativa-Hybrid,Entourage Cannabis,12.00,InStock,https://www.treasurevalleycannabis.com/product/entourage-cannabis-1-5g-the-soap-x-peach-jet-fuel-infused-pre-roll-68ae1f374db66b0007202389/,Treasure Valley Cannabis,2026-03-28T06:22:56.184612Z
Dougie 2g Loot Bar SONOMA COMA Liquid Diamonds All In One 2g Vaporizers,"Sativa - Loot Bar all-in-one rechargeable vapes. With 2 full grams of extract, 2x more than the other leading brands and the maximum amount allowed by law!",Dougie,40.00,InStock,https://www.treasurevalleycannabis.com/product/dougie-2g-loot-bar-sonoma-coma-liquid-diamonds-all-in-one-68af8da2b13e640007b467b3/,Treasure Valley Cannabis,2026-03-28T06:22:56.193472Z
Freshy 1g POG JUICE Flavored Live Resin Vape Cartridge 1g Vaporizers,Sativa - Electric,FRESHY,20.00,InStock,https://www.treasurevalleycannabis.com/product/freshy-1g-pog-juice-flavored-live-resin-vape-cartridge-68acdbc5ae7e510007cd5024/,Treasure Valley Cannabis,2026-03-28T06:22:56.204512Z
Orange Dreamsicle 1g Vaporizers,Freshy is a completely new experience that&#039;s changing the way people look at flavored cannabis. Most flavors are simply &#039;sugar bombs&#039; that mask the taste and,FRESHY,12.00,InStock,https://www.treasurevalleycannabis.com/product/orange-dreamsicle-10663-6898eb08c9892200078f30be/,Treasure Valley Cannabis,2026-03-28T06:22:56.214853Z
Killa Beez 1g SOUR JOKER Pull N Snap 1g Concentrates,Sativa - 7.32% Terpenes,Killa Beez,12.00,InStock,https://www.treasurevalleycannabis.com/product/killa-beez-1g-sour-joker-pull-n-snap-68adfa714db66b00071f3109/,Treasure Valley Cannabis,2026-03-28T06:22:56.225920Z
Disco Dabs 2g CAKE BOMB Shatter 2g Concentrates,Indica - 5.25% Terpenes,Disco Dabs,18.00,InStock,https://www.treasurevalleycannabis.com/product/disco-dabs-2g-cake-bomb-shatter-68ad05f9d37371000775b241/,Treasure Valley Cannabis,2026-03-28T06:22:56.237367Z
Killa Beez 1g RUDE GURL Pull N Snap 1g Concentrates,Indica - 12.11% Terpenes,Killa Beez,12.00,InStock,https://www.treasurevalleycannabis.com/product/killa-beez-1g-rude-gurl-pull-n-snap-68adfa714db66b00071f310c/,Treasure Valley Cannabis,2026-03-28T06:22:56.277655Z
Dr. Jolly&#8217;s 1g TURQUOISE LIVING Extract Jar 1g Concentrates,Indica - 6.41% Terpenes,Dr. Jolly's,20.00,InStock,https://www.treasurevalleycannabis.com/product/dr-jolly-s-1g-turquoise-living-extract-jar-68ad05f9d37371000775b23b/,Treasure Valley Cannabis,2026-03-28T06:22:56.288115Z
$14 Purple Punch 2.0 1g Flower,Indica-Hybrid - 4.17% Terpenes - Purple Punch x GDP Lineage,Earl Baker,14.00,InStock,https://www.treasurevalleycannabis.com/product/14-purple-punch-2-0-68addeb3893f11000788dc32/,Treasure Valley Cannabis,2026-03-28T06:22:56.298061Z
Killa Beez .5g LEMONADE/BLACK AMBER/31 FLAVORS #2 Killa Pre Roll 12pk 6g Pre-rolls,Variety - Lemonade 29.26% THC,Killa Beez,25.00,InStock,https://www.treasurevalleycannabis.com/product/killa-beez-5g-lemonade-black-amber-31-flavors-2-killa-pre-roll-12pk-68ae031315728f0007381d76/,Treasure Valley Cannabis,2026-03-28T06:22:56.310934Z
Killa Beez 1g HORCHATA Pull N Snap 1g Concentrates,Hybrid - 6.26% Terpenes,Killa Beez,12.00,InStock,https://www.treasurevalleycannabis.com/product/killa-beez-1g-horchata-pull-n-snap-68adfa714db66b00071f310f/,Treasure Valley Cannabis,2026-03-28T06:22:56.320726Z
Higher Cultures 2g BREADSTIX Live Resin Budder 2g Concentrates,Indica - 8.12% Terpenes,Higher Cultures,34.00,InStock,https://www.treasurevalleycannabis.com/product/higher-cultures-2g-breadstix-live-resin-budder-68adfa714db66b00071f3112/,Treasure Valley Cannabis,2026-03-28T06:22:56.335752Z
Entourage Cannabis 2g COLLEGE CRUNCH BERRIES BHO Sugar Wax 2g Concentrates,Indica-Hybrid - 5.16% Terpenes,Entourage Cannabis,25.20,InStock,https://www.treasurevalleycannabis.com/product/entourage-cannabis-2g-college-crunch-berries-bho-sugar-wax-68ab7c32ebf82200076dda77/,Treasure Valley Cannabis,2026-03-28T06:22:56.345524Z
Rolen Stone Farms PASTIES 1/8 1/8oz Flower,Hybrid - 1.58% Terpenes - GORILLA GLUE #4 X TITTY SPRINKLES Lineage,Rolen Stone,15.00,InStock,https://www.treasurevalleycannabis.com/product/rolen-stone-farms-pasties-1-8-68ac6b450f7801000779bd55/,Treasure Valley Cannabis,2026-03-28T06:22:57.061052Z
Grown Rogue .5g MENDO BREATH/RAINBOW RUNTZ Pre Roll 10pk 5g Pre-rolls,Indica-Hybrid,Grown Rogue,12.00,InStock,https://www.treasurevalleycannabis.com/product/grown-rogue-5g-mendo-breath-rainbow-runtz-pre-roll-10pk-68abb474ebf82200076ea3d7/,Treasure Valley Cannabis,2026-03-28T06:22:57.072265Z
Treasure Valley&#8217;s Finest! 1g CHERRY RUNTZ Pre Roll 1g Pre-rolls,Hybrid - N/A% Terpenes,Treasure Valley's Finest! Pre Rolls,4.50,InStock,https://www.treasurevalleycannabis.com/product/treasure-valley-s-finest-1g-cherry-runtz-pre-roll-68ab8a4a1993440007875f7a/,Treasure Valley Cannabis,2026-03-28T06:22:57.099750Z
Verdant Leaf 1g MOJITO DREAMZ Live Rosin + Cured Resin Vape Cartridge 1g Vaporizers,Hybrid - 6.11% Terpenes - Banana Breath x Mac Mintz x Moroccan Peach Lineage,Verdant Leaf,25.00,InStock,https://www.treasurevalleycannabis.com/product/verdant-leaf-1g-mojito-dreamz-live-rosin-cured-resin-vape-cartridge-68acc27d0f780100077af997/,Treasure Valley Cannabis,2026-03-28T06:22:57.486597Z
Treasure Valley&#8217;s Finest! 1g PUNCH BREATH Pre Roll 1g Pre-rolls,Indica-Hybrid - 2.36% Terpenes,Treasure Valley's Finest! Pre Rolls,4.50,InStock,https://www.treasurevalleycannabis.com/product/treasure-valley-s-finest-1g-punch-breath-pre-roll-68ab8a4a1993440007875f77/,Treasure Valley Cannabis,2026-03-28T06:22:57.497371Z
Sticks 1g TROPICANA COOKIES Flavored Distillate Vape Cartridge 1g Vaporizers,Flavored Marijuana Extract With Non-Cannabis Additives,LTRMN,25.00,InStock,https://www.treasurevalleycannabis.com/product/sticks-1g-tropicana-cookies-flavored-distillate-vape-cartridge-68acdbc5ae7e510007cd501e/,Treasure Valley Cannabis,2026-03-28T06:22:57.508354Z
Verdant Leaf 100mg LEMON &#8211; PAPAYA Live Rosin Nano-Infused Single Gummy 26.33g Edibles,Indica-Hybrid,Verdant Leaf,4.90,InStock,https://www.treasurevalleycannabis.com/product/verdant-leaf-100mg-lemon-papaya-live-rosin-nano-infused-single-gummy-68ab8a4a1993440007875f83/,Treasure Valley Cannabis,2026-03-28T06:22:57.526750Z
Keef 100mg HIGH OCTANE XTREME Cannabis Infused Classic Soda 12g Edibles,"High Octane Extreme is a nicely balanced hand-crafted, cannabis-infused soda blended with various citrus fruits including lemon and lime.",Keef,15.00,InStock,https://www.treasurevalleycannabis.com/product/keef-100mg-high-octane-xtreme-cannabis-infused-classic-soda-68af8da2b13e640007b467ad/,Treasure Valley Cannabis,2026-03-28T06:22:57.547007Z
Treasure Valley&#8217;s Finest! 1g CHEM CANDY Pre Roll 1g Pre-rolls,Indica-Hybrid - 2.71% Terpenes Lineage: Chem 4 x Gassy Taffy,Treasure Valley's Finest! Pre Rolls,5.00,InStock,https://www.treasurevalleycannabis.com/product/treasure-valley-s-finest-1g-chem-candy-pre-roll-68ab8a4a1993440007875f80/,Treasure Valley Cannabis,2026-03-28T06:22:57.571455Z
Higher Cultures 1g TANGIE Flavored Distillate Vape Cartridge 1g Vaporizers,Sativa - 6.33% Terpenes,Higher Cultures,12.60,InStock,https://www.treasurevalleycannabis.com/product/higher-cultures-1g-tangie-flavored-distillate-vape-cartridge-68acc27d0f780100077af99a/,Treasure Valley Cannabis,2026-03-28T06:22:57.587915Z
Benson Arbor .6g JUNGLE JUICE #65/TROPIC LEMONS #15 Pre-Roll 12pk 7.2g Pre-rolls,Jungle Juice #65 - Hybrid - 29.47% THC 0.12% CBD 3.98% Terpenes - Lineage: SFV x Sour D x Bubba Kush,Benson Arbor,30.00,InStock,https://www.treasurevalleycannabis.com/product/benson-arbor-6g-jungle-juice-65-tropic-lemons-15-pre-roll-12pk-68abb474ebf82200076ea3da/,Treasure Valley Cannabis,2026-03-28T06:22:57.897410Z
Verdant Leaf 1g OCTANE QUEEN Cold Cured Live Rosin Badder 1g Concentrates,Hybrid - 6.97% Terpenes - Strawberry Barbara x Benzina Lineage,Verdant Leaf,30.00,InStock,https://www.treasurevalleycannabis.com/product/verdant-leaf-1g-octane-queen-cold-cured-live-rosin-badder-68ab27d38a5c6e00076ef3ef/,Treasure Valley Cannabis,2026-03-28T06:22:57.907188Z
Entourage Cannabis 2g KRYPTO CHERRIES BHO Sugar Wax 2g Concentrates,Hybrid - 4.81% Terpenes,Entourage Cannabis,25.20,InStock,https://www.treasurevalleycannabis.com/product/entourage-cannabis-2g-krypto-cherries-bho-sugar-wax-68ab6e22ebf82200076dae2a/,Treasure Valley Cannabis,2026-03-28T06:22:57.917503Z
Verdant Leaf 1g GONE NANAS Cold Cured Live Rosin Badder 1g Concentrates,Hybrid - 6.87% Terpenes - Divine Banana x Madd Fruit Lineage,Verdant Leaf,30.00,InStock,https://www.treasurevalleycannabis.com/product/verdant-leaf-1g-gone-nanas-cold-cured-live-rosin-badder-68ab27d38a5c6e00076ef3f2/,Treasure Valley Cannabis,2026-03-28T06:22:57.926901Z
$14 Lemon Meringue 1g Flower,Sativa - 3.01% Terpenes - Lemon Skunk x Cookies &amp; Cream Lineage,Earl Baker,14.00,InStock,https://www.treasurevalleycannabis.com/product/14-lemon-meringue-68ab60138a5c6e00076fb2b0/,Treasure Valley Cannabis,2026-03-28T06:22:57.935935Z
Brain Candy 1g GRAPRICOT Cured Resin All-In-One 1g Vaporizers,Sativa-Hybrid,Cold Frame Farms,34.00,InStock,https://www.treasurevalleycannabis.com/product/brain-candy-1g-grapricot-cured-resin-all-in-one-68acc27d0f780100077af994/,Treasure Valley Cannabis,2026-03-28T06:22:57.991953Z
Brain Candy 1g PROJECT GARY Cured Resin All-In-One 1g Vaporizers,Indica-Hybrid,Cold Frame Farms,27.19,InStock,https://www.treasurevalleycannabis.com/product/brain-candy-1g-project-gary-cured-resin-all-in-one-45065-68acc27d0f780100077af991/,Treasure Valley Cannabis,2026-03-28T06:22:58.063804Z
WLE 1g GOLD GASCHATA DROPS LR Cartridge 1g Vaporizers,Hybrid - 10.01% Terpenes,White Label Extracts,28.00,InStock,https://www.treasurevalleycannabis.com/product/wle-1g-gold-gaschata-drops-lr-cartridge-68ab35e48a5c6e00076f2ecf/,Treasure Valley Cannabis,2026-03-28T06:22:58.074501Z
Entourage Cannabis 1g DEADHEAD OG Live Resin All-In-One Cannabis Extract Vaporizer 1g Vaporizers,Indica-Hybrid - 10.01% Terpenes,Entourage Cannabis,42.00,InStock,https://www.treasurevalleycannabis.com/product/entourage-cannabis-1g-deadhead-og-live-resin-all-in-one-cannabis-extract-vaporizer-68ab35e48a5c6e00076f2ed5/,Treasure Valley Cannabis,2026-03-28T06:22:58.118399Z
Bobsled 1g PINE BERRY Melted Diamonds x Live Resin Terpenes Vape Cartridge 1g Vaporizers,Hybrid - 8.41% Terpenes,Bobsled Extracts,12.00,InStock,https://www.treasurevalleycannabis.com/product/bobsled-1g-pine-berry-melted-diamonds-x-live-resin-terpenes-vape-cartridge-68ab5204283679000786a763/,Treasure Valley Cannabis,2026-03-28T06:22:58.131925Z
Sticks 1g BANDON GOLD Flavored Distillate Vape Cartridge 1g Vaporizers,"Hybrid - N/A% Terpenes STICKS™ Carts offer a consistent user experience, with high-impact effects across a variety of profiles at the best prices on the market.",LTRMN,14.00,InStock,https://www.treasurevalleycannabis.com/product/sticks-1g-bandon-gold-flavored-distillate-vape-cartridge-68ab5204283679000786a766/,Treasure Valley Cannabis,2026-03-28T06:22:58.141531Z
Mule Extracts 250mg RASPBERRY POMEGRANATE Nanoshine 2g Tinctures,Indica-,Mule Extracts,12.00,InStock,https://www.treasurevalleycannabis.com/product/mule-extracts-250mg-raspberry-pomegranate-nanoshine-68aa38c506114300078e330f/,Treasure Valley Cannabis,2026-03-28T06:22:58.151029Z
Entourage Cannabis 1g STARBURST OG Solventless All-In-One Rosin Vaporizer 1g Vaporizers,Sativa-Hybrid - 5.60% Terpenes,Entourage Cannabis,37.80,InStock,https://www.treasurevalleycannabis.com/product/entourage-cannabis-1g-starburst-og-solventless-all-in-one-rosin-vaporizer-68ab35e48a5c6e00076f2ed8/,Treasure Valley Cannabis,2026-03-28T06:22:58.171159Z
Mule Extracts 250mg PINEAPPLE Nanoshine 2g Tinctures,Sativa-,Mule Extracts,14.00,InStock,https://www.treasurevalleycannabis.com/product/mule-extracts-250mg-pineapple-nanoshine-68aa38c506114300078e330c/,Treasure Valley Cannabis,2026-03-28T06:22:58.180974Z
Bobsled 1g SOURLOPE Melted Diamonds x Live Resin Terpenes Vape Cartridge 1g Vaporizers,Sativa - 7.9% Terpenes,Bobsled Extracts,12.00,InStock,https://www.treasurevalleycannabis.com/product/bobsled-1g-sourlope-melted-diamonds-x-live-resin-terpenes-vape-cartridge-68ab43f41993440007863d2e/,Treasure Valley Cannabis,2026-03-28T06:22:58.190268Z
Freshy 1g MAUI WOWIE FRUIT PUNCH Flavored Live Resin All-In-One 1g Vaporizers,Sativa - N/A% Terpenes,FRESHY,13.20,InStock,https://www.treasurevalleycannabis.com/product/freshy-1g-maui-wowie-fruit-punch-flavored-live-resin-all-in-one-68a9f272bf58670007393fa8/,Treasure Valley Cannabis,2026-03-28T06:22:58.200470Z
$10 Blue Dream** 1g Flower,Sativa-Hybrid - 3.62% Terpenes - Blueberry x Haze Lineage,Hometown Cultivation,10.00,InStock,https://www.treasurevalleycannabis.com/product/10-blue-dream-68ab60138a5c6e00076fb2b3/,Treasure Valley Cannabis,2026-03-28T06:22:58.209632Z
Dr. Jolly&#8217;s 2g TROPICANA PIE Sugar Wax 2g Concentrates,Indica - 6.25% Terpenes,Dr. Jolly's,26.00,InStock,https://www.treasurevalleycannabis.com/product/dr-jolly-s-2g-tropicana-pie-sugar-wax-68ad05f9d37371000775b238/,Treasure Valley Cannabis,2026-03-28T06:22:58.219799Z
Select 1g PERMANENT MARKER Elite Cartridge 1g Vaporizers,Hybrid,Select,30.60,InStock,https://www.treasurevalleycannabis.com/product/select-1g-permanent-marker-elite-cartridge-68ab43f41993440007863d2b/,Treasure Valley Cannabis,2026-03-28T06:22:58.242055Z
Sessions Cannabis Extract 1g SIMPLE JILL Cured Resin All-In-One Vape Cartridge 1g Vaporizers,Hybrid - 8.80% Terpenes,Sessions Cannabis Extract,22.50,InStock,https://www.treasurevalleycannabis.com/product/sessions-cannabis-extract-1g-simple-jill-cured-resin-all-in-one-vape-cartridge-68ab27d38a5c6e00076ef3f5/,Treasure Valley Cannabis,2026-03-28T06:22:58.252145Z
$6 Garlic Cookies 1g Flower,Indica - Chemdawg X Girl Scout Cookies Lineage,Gorge Grown,4.80,InStock,https://www.treasurevalleycannabis.com/product/6-garlic-cookies-68ab6e22ebf82200076dae27/,Treasure Valley Cannabis,2026-03-28T06:22:58.283431Z
Bobsled 1g DOUBLE MINT Melted Diamonds x Live Resin Terpenes Vape Cartridge 1g Vaporizers,Indica - 8.5% Terpenes,Bobsled Extracts,12.00,InStock,https://www.treasurevalleycannabis.com/product/bobsled-1g-double-mint-melted-diamonds-x-live-resin-terpenes-vape-cartridge-68a9d6568a5c6e00076b0893/,Treasure Valley Cannabis,2026-03-28T06:22:58.310522Z
Verdant Leaf 1g ELECTRIC PUNCH Live Rosin + Cured Resin Vape Cartridge 1g Vaporizers,Sativa - 5.97% Terpenes - Sour Peaches x Super Silver Haze x Tropicana Cherry Lineage,Verdant Leaf,25.00,InStock,https://www.treasurevalleycannabis.com/product/verdant-leaf-1g-electric-punch-live-rosin-cured-resin-vape-cartridge-68a9d6568a5c6e00076b0897/,Treasure Valley Cannabis,2026-03-28T06:22:58.754798Z
WLE 1g DAYTONA CR Vape Cartridge 1g Vaporizers,Hybrid - 6.99% Terpenes,White Label Extracts,34.00,InStock,https://www.treasurevalleycannabis.com/product/wle-1g-daytona-cr-vape-cartridge-68ace9da19934400078bc5cb/,Treasure Valley Cannabis,2026-03-28T06:22:58.798953Z
Sessions Cannabis Extract 2g TROPICANA COOKIES Cured Resin 2g Concentrates,Hybrid - 9.74% Terpenes,Sessions Cannabis Extract,22.00,InStock,https://www.treasurevalleycannabis.com/product/sessions-cannabis-extract-2g-tropicana-cookies-cured-resin-68a9e467ccecf30007f707a9/,Treasure Valley Cannabis,2026-03-28T06:22:58.808749Z
Echo Electuary 1g SHERB BREATH XL Live Resin Cartridge 1g Vaporizers,Indica-Hybrid - 6% Terpenes - Sunset Sherbet x Mendo Breath Lineage,Echo Electuary,48.00,InStock,https://www.treasurevalleycannabis.com/product/echo-electuary-1g-sherb-breath-xl-live-resin-cartridge-68a76b914fb6fd0007eaef73/,Treasure Valley Cannabis,2026-03-28T06:22:59.151081Z
Kokodose CORDYCEPS &#8211; PERFORM Dark Chocolate Bar 55g Edibles,"Sativa - 3,000mg Cordyceps",Kokodose,15.00,InStock,https://www.treasurevalleycannabis.com/product/kokodose-cordyceps-perform-dark-chocolate-bar-68a78ca219934400077ac421/,Treasure Valley Cannabis,2026-03-28T06:22:59.160790Z
Bobsled 2g HORCHATA Cured Resin Dab Jar 2g Concentrates,Hybrid - 9.46% Terpenes,Bobsled Extracts,16.10,InStock,https://www.treasurevalleycannabis.com/product/bobsled-2g-horchata-cured-resin-dab-jar-68a8e5fc734583000705fa4e/,Treasure Valley Cannabis,2026-03-28T06:22:59.175422Z
Bobsled 2g ISLAND HAZE Cured Resin Dab Jar 2g Concentrates,Sativa - 8.1% Terpenes,Bobsled Extracts,16.10,InStock,https://www.treasurevalleycannabis.com/product/bobsled-2g-island-haze-cured-resin-dab-jar-68a8e5fc734583000705fa42/,Treasure Valley Cannabis,2026-03-28T06:22:59.370596Z
$14 Stankoya 1g Flower,Indica-Hybrid - 3.55% Terpenes - GMO x Secret Cheese Lineage,Earl Baker,14.00,InStock,https://www.treasurevalleycannabis.com/product/14-stankoya-68ab60138a5c6e00076fb2ad/,Treasure Valley Cannabis,2026-03-28T06:22:59.450687Z
Bobsled 2g HELL&#8217;S BELLS LR Dab Jar 2g Concentrates,Indica - 8.86% Terpenes,Bobsled Extracts,21.60,InStock,https://www.treasurevalleycannabis.com/product/bobsled-2g-hell-s-bells-lr-dab-jar-68a8e5fc734583000705fa4b/,Treasure Valley Cannabis,2026-03-28T06:22:59.500432Z
WLE 2g BLUE POPZ LR All-In-One 2g Vaporizers,Sativa - 13.52% Terpenes,White Label Extracts,52.50,InStock,https://www.treasurevalleycannabis.com/product/wle-2g-blue-popz-lr-all-in-one-68a7bf16fa22420007af8d43/,Treasure Valley Cannabis,2026-03-28T06:22:59.646656Z
Calyx Crafts 1g SUGAR COOKIES YinYang Rocks N Sauce 1g Concentrates,Hybrid - 8.46% Terpenes,Calyx Crafts,25.00,InStock,https://www.treasurevalleycannabis.com/product/calyx-crafts-1g-sugar-cookies-yinyang-rocks-n-sauce-68a8a0f60bb74000074f2c68/,Treasure Valley Cannabis,2026-03-28T06:22:59.657660Z
Bobsled 2g DUTCH HAWAIIAN Cured Resin Dab Jar 2g Concentrates,Sativa - 8.85% Terpenes,Bobsled Extracts,13.80,InStock,https://www.treasurevalleycannabis.com/product/bobsled-2g-dutch-hawaiian-cured-resin-dab-jar-68a8e5fc734583000705fa51/,Treasure Valley Cannabis,2026-03-28T06:22:59.667388Z
Select 1g SOUR JOKER Elite Cartridge 1g Vaporizers,Sativa,Select,34.00,InStock,https://www.treasurevalleycannabis.com/product/select-1g-sour-joker-elite-cartridge-68ab43f41993440007863d28/,Treasure Valley Cannabis,2026-03-28T06:22:59.678069Z
Kokodose LION&#8217;S MANE &#8211; FOCUS Dark Chocolate Bar 55g Edibles,"Hybrid - 3,000mg Lion&#039;s Mane Mushroom",Kokodose,15.00,InStock,https://www.treasurevalleycannabis.com/product/kokodose-lion-s-mane-focus-dark-chocolate-bar-68a78ca219934400077ac41d/,Treasure Valley Cannabis,2026-03-28T06:22:59.688130Z
Bobsled 2g GARLIC MINTS Cured Resin Dab Jar 2g Concentrates,Hybrid - 6.66% Terpenes,Bobsled Extracts,16.10,InStock,https://www.treasurevalleycannabis.com/product/bobsled-2g-garlic-mints-cured-resin-dab-jar-68a8e5fc734583000705fa45/,Treasure Valley Cannabis,2026-03-28T06:22:59.698495Z
Sessions Cannabis Extract 1g PURPLE PUNCH Distillate All-In-One Vape Cartridge 1g Vaporizers,Indica-Hybrid - 4.47% Terpenes,Sessions Cannabis Extract,20.00,InStock,https://www.treasurevalleycannabis.com/product/sessions-cannabis-extract-1g-purple-punch-distillate-all-in-one-vape-cartridge-68a7bf16fa22420007af8d40/,Treasure Valley Cannabis,2026-03-28T06:22:59.708151Z
Calyx Crafts 1g DANNY TROPICANNY YinYang Rocks N Sauce 1g Concentrates,Sativa - 8.19% Terpenes,Calyx Crafts,25.00,InStock,https://www.treasurevalleycannabis.com/product/calyx-crafts-1g-danny-tropicanny-yinyang-rocks-n-sauce-68a8a0f60bb74000074f2c65/,Treasure Valley Cannabis,2026-03-28T06:22:59.779058Z
Bobsled 1g BLACK MAMBA CR Vape Cartridge 1g Vaporizers,Indica - 5.25% Terpenes,Bobsled Extracts,15.00,InStock,https://www.treasurevalleycannabis.com/product/bobsled-1g-black-mamba-cr-vape-cartridge-80583-689f828d6882260007e2f51c/,Treasure Valley Cannabis,2026-03-28T06:22:59.788824Z
Echo Electuary 1g 1:1 HUCKLEBERRY WEB XL Live Resin Cartridge 1g Vaporizers,Hybrid - 16.9% Terpenes - Charlottes Web x Huckleberry #5 Lineage,Echo Electuary,43.20,InStock,https://www.treasurevalleycannabis.com/product/echo-electuary-1g-1-1-huckleberry-web-xl-live-resin-cartridge-68a76b914fb6fd0007eaef70/,Treasure Valley Cannabis,2026-03-28T06:22:59.810273Z
Bobsled 2g OREGON DIESEL LR Dab Jar 2g Concentrates,Indica - 16.43% Terpenes,Bobsled Extracts,21.60,InStock,https://www.treasurevalleycannabis.com/product/bobsled-2g-oregon-diesel-lr-dab-jar-68a8e5fc734583000705fa48/,Treasure Valley Cannabis,2026-03-28T06:22:59.819557Z
Beehive 1g MIDNIGHT CREATURE Cured Resin Vape Cartridge 1g Vaporizers,Sativa - 13.64% Terpenes,Beehive Extracts,18.00,InStock,https://www.treasurevalleycannabis.com/product/beehive-1g-midnight-creature-cured-resin-vape-cartridge-68a4f6edd212350007d49b6d/,Treasure Valley Cannabis,2026-03-28T06:22:59.830986Z
Focus North .5g TROP FIRE BREATH Pre-Roll 8pk 4g Pre-rolls,Hybrid - Secret Tang Breath x Coolie High Lineage,Focus North,18.00,InStock,https://www.treasurevalleycannabis.com/product/focus-north-5g-trop-fire-breath-pre-roll-8pk-68a6227d861df10007a6db9d/,Treasure Valley Cannabis,2026-03-28T06:22:59.840325Z
Higher Cultures 1g RING OF SOUR Live Rosin Vape Cartridge 1g Vaporizers,Sativa - 7.36% Terpenes,Higher Cultures,30.80,InStock,https://www.treasurevalleycannabis.com/product/higher-cultures-1g-ring-of-sour-live-rosin-vape-cartridge-68a6227d861df10007a6db97/,Treasure Valley Cannabis,2026-03-28T06:22:59.865745Z
Beehive 2g PERMANENT CHIMERA Badder 2g Concentrates,Indica - 5.49% Terpenes,Beehive Extracts,34.00,InStock,https://www.treasurevalleycannabis.com/product/beehive-2g-permanent-chimera-badder-68a78ca219934400077ac41a/,Treasure Valley Cannabis,2026-03-28T06:22:59.874818Z
Oregrown 1g GUNN POWDER CR All-In-One Pod 1g Vaporizers,Indica - 9.9% Terpenes - Biscotti x Jealousy x Sherb BX Lineage,Oregrown,36.00,InStock,https://www.treasurevalleycannabis.com/product/oregrown-1g-gunn-powder-cr-all-in-one-pod-68a4f6edd212350007d49b70/,Treasure Valley Cannabis,2026-03-28T06:22:59.885342Z
Mellow Vibes 100mg SOUR GREEN APPLE Single Jelly 12g Edibles,Indica - GS Cookies,Mellow Vibes,6.00,InStock,https://www.treasurevalleycannabis.com/product/mellow-vibes-100mg-sour-green-apple-single-jelly-68a74f718a5c6e00076285c4/,Treasure Valley Cannabis,2026-03-28T06:22:59.895128Z
Piff Stixs 1g CHERRY BOMB THCA Infused Glass Tip Mini Blunt 1g Pre-rolls,Indica,Piff Stixs,17.00,InStock,https://www.treasurevalleycannabis.com/product/piff-stixs-1g-cherry-bomb-thca-infused-glass-tip-mini-blunt-68a74f718a5c6e00076285ca/,Treasure Valley Cannabis,2026-03-28T06:22:59.909906Z
Freshy 1g ROOTBEER FLOAT Flavored Live Resin Vape Cartridge 1g Vaporizers,Hybrid,FRESHY,12.00,InStock,https://www.treasurevalleycannabis.com/product/freshy-1g-rootbeer-float-flavored-live-resin-vape-cartridge-68a75d8c965dc000071371e2/,Treasure Valley Cannabis,2026-03-28T06:22:59.919300Z
Knownot 1g AMARELO Diamonds Infused Pre Roll 1g Pre-rolls,Sativa - Brazil X IBL Lineage,Knownot Farms,6.00,InStock,https://www.treasurevalleycannabis.com/product/knownot-1g-amarelo-diamonds-infused-pre-roll-68ab9856ebf82200076e3a53/,Treasure Valley Cannabis,2026-03-28T06:22:59.943699Z
Decibel 1.2g WILSON ZERO #3 Louds Infused Pre-Roll 1.2g Pre-rolls,Indica-Hybrid,Decibel,15.00,InStock,https://www.treasurevalleycannabis.com/product/decibel-1-2g-wilson-zero-3-louds-infused-pre-roll-68a679b04bce8600078d27c5/,Treasure Valley Cannabis,2026-03-28T06:22:59.962291Z
Entourage Cannabis 1g GLAZED APRICOT GELATO CR Vape Cartridge 1g Vaporizers,Sativa-Hybrid - 12.56% Terpenes,Entourage Cannabis,22.40,InStock,https://www.treasurevalleycannabis.com/product/entourage-cannabis-1g-glazed-apricot-gelato-cr-vape-cartridge-68a4f9d4fe2780000755a3af/,Treasure Valley Cannabis,2026-03-28T06:22:59.972942Z
Decibel .5g PANDORA&#8217;S BANANA/NIGHT TRAIN Sativa Basslines Duets Infused Pre-Roll 6pk 3g Pre-rolls,Pandora&#039;s Banana 394.5mg THC,Decibel,20.00,InStock,https://www.treasurevalleycannabis.com/product/decibel-5g-pandora-s-banana-night-train-sativa-basslines-duets-infused-pre-roll-6pk-68a679b04bce8600078d27be/,Treasure Valley Cannabis,2026-03-28T06:22:59.982206Z
Oregrown 1g FRENCH TOAST LR All-In-One Caviar Pod 1g Vaporizers,Sativa - 11.4% Terpenes,Oregrown,52.00,InStock,https://www.treasurevalleycannabis.com/product/oregrown-1g-french-toast-lr-all-in-one-caviar-pod-68a4f6edd212350007d49b73/,Treasure Valley Cannabis,2026-03-28T06:22:59.994394Z
Vibes .5g ATOMIC TOMCAT/GREEN CRACK Pre Roll 10pk 5g Pre-rolls,Sativa,Vibes,14.00,InStock,https://www.treasurevalleycannabis.com/product/vibes-5g-atomic-tomcat-green-crack-pre-roll-10pk-68a74f718a5c6e00076285c7/,Treasure Valley Cannabis,2026-03-28T06:23:00.004439Z
WVA 1g DOGWALKER OG Liquid Live Resin All-In-One 1g Vaporizers,Indica - 8.73% Terpenes - Chemdog x Albert Walker OG Lineage,Willamette Valley Alchemy,45.00,InStock,https://www.treasurevalleycannabis.com/product/wva-1g-dogwalker-og-liquid-live-resin-all-in-one-68a6227d861df10007a6dba3/,Treasure Valley Cannabis,2026-03-28T06:23:00.021938Z
Benson Arbor 1g MIMOSA #85 Pre-Roll 5pk 5g Pre-rolls,Sativa-Hybrid - 2.82% Terpenes - Clementine x Purple Punch F2 Lineage,Benson Arbor,20.00,InStock,https://www.treasurevalleycannabis.com/product/benson-arbor-1g-mimosa-85-pre-roll-5pk-68a4c890861d1d000777dff1/,Treasure Valley Cannabis,2026-03-28T06:23:00.053813Z
WLE 1g DURBAN POISON Flavored Distillate Vape Cartridge 1g Vaporizers,Sativa-Hybrid - 7.80% Terpenes,White Label Extracts,22.50,InStock,https://www.treasurevalleycannabis.com/product/wle-1g-durban-poison-flavored-distillate-vape-cartridge-68a679b04bce8600078d27ba/,Treasure Valley Cannabis,2026-03-28T06:23:00.064018Z
$14 Cherry Lemonade 1g Flower,Hybrid - Jack the Ripper x Cherry Pie OG Lineage,Love Mary,14.00,InStock,https://www.treasurevalleycannabis.com/product/14-cherry-lemonade-68a4c890861d1d000777dff7/,Treasure Valley Cannabis,2026-03-28T06:23:00.088028Z
WLE 2g BLUE CITY HEADBAND Shatter 2g Concentrates,Sativa-Hybrid - 4.54% Terpenes,White Label Extracts,21.00,InStock,https://www.treasurevalleycannabis.com/product/wle-2g-blue-city-headband-shatter-68a4ac6dd484f20007fbec10/,Treasure Valley Cannabis,2026-03-28T06:23:00.097759Z
WLE 1g PROJECT MIKE CR All-In-One 1g Vaporizers,Hybrid - 5.38% Terpenes,White Label Extracts,35.00,InStock,https://www.treasurevalleycannabis.com/product/wle-1g-project-mike-cr-all-in-one-68a4f6edd212350007d49b55/,Treasure Valley Cannabis,2026-03-28T06:23:00.108118Z
Oregrown 1g SHERBANGER Live Rosin Cart 1g Vaporizers,Hybrid - 12.9% Terpenes - Sunset Sherbet x Headbanger OG Lineage,Oregrown,48.00,InStock,https://www.treasurevalleycannabis.com/product/oregrown-1g-sherbanger-live-rosin-cart-68a4f6edd212350007d49b67/,Treasure Valley Cannabis,2026-03-28T06:23:00.117780Z
DogHouse .5g NOXIOUS Quickies Pre Roll 5pk 2.5g Pre-rolls,Indica - 3.95% Terpenes,Doghouse,15.00,InStock,https://www.treasurevalleycannabis.com/product/doghouse-5g-noxious-quickies-pre-roll-5pk-68a4c890861d1d000777dff4/,Treasure Valley Cannabis,2026-03-28T06:23:00.128418Z
Disco Dabs 1g SUPER LEMON HAZE x OREGON MAC Groovy Doobie Diamond &#038; Crumble Infused Pre-Roll 1g Pre-rolls,Sativa - 3.25% Terpenes,Disco Dabs,12.00,InStock,https://www.treasurevalleycannabis.com/product/disco-dabs-1g-super-lemon-haze-x-oregon-mac-groovy-doobie-diamond-crumble-infused-pre-roll-68a4f6edd212350007d49b64/,Treasure Valley Cannabis,2026-03-28T06:23:00.147500Z
Altered Alchemy 1g YAHEMI Live Resin x Distillate Vape Cartridge 1g Vaporizers,Sativa-Hybrid - 7.46% Terpenes,Altered Alchemy,25.00,InStock,https://www.treasurevalleycannabis.com/product/altered-alchemy-1g-yahemi-live-resin-x-distillate-vape-cartridge-68a4f6edd212350007d49b58/,Treasure Valley Cannabis,2026-03-28T06:23:00.157690Z
Oregrown 1g BLOOD ORANGE TANGIE LR+ Vape Cartridge 1g Vaporizers,Sativa - 7.7% Terpenes,Oregrown,35.00,InStock,https://www.treasurevalleycannabis.com/product/oregrown-1g-blood-orange-tangie-lr-vape-cartridge-68a4f6edd212350007d49b5e/,Treasure Valley Cannabis,2026-03-28T06:23:00.178926Z
Yeti 1g DANTE&#8217;S INFERNO/MODIFIED GRAPES Pre Roll 10pk 10g Pre-rolls,Dante&#039;s Inferno - 1.56% Terpenes - 22.90% THC,Grown Rogue,22.50,InStock,https://www.treasurevalleycannabis.com/product/yeti-1g-dante-s-inferno-modified-grapes-pre-roll-10pk-68a4c4cd4587000007b7dc45/,Treasure Valley Cannabis,2026-03-28T06:23:00.221583Z
Piff Stixs .5g SFV OG Liquid Diamonds Disposable Vape Cartridge .5g Vaporizers,Sativa,Piff Stixs,9.00,InStock,https://www.treasurevalleycannabis.com/product/piff-stixs-5g-sfv-og-liquid-diamonds-disposable-vape-cartridge-68a6227d861df10007a6db9a/,Treasure Valley Cannabis,2026-03-28T06:23:00.231356Z
$6 100 Racks 1g Flower,Hybrid - Menthol Kush x (Zkittlez x (Gelato 41 x Zkittlez)) Lineage,Left Coast Standard,4.80,InStock,https://www.treasurevalleycannabis.com/product/6-100-racks-68a4c4cc4587000007b7dc3b/,Treasure Valley Cannabis,2026-03-28T06:23:00.241982Z
$10 Swiss Watch* 1g Flower,Hybrid - 3.72% Terpenes - Gary Payton x Runtz Lineage,The Heights Co.,7.99,InStock,https://www.treasurevalleycannabis.com/product/10-swiss-watch-33629-68a4c4cc4587000007b7dc3e/,Treasure Valley Cannabis,2026-03-28T06:23:00.252429Z
FFE 2g GRAPE HIGH CHEW FS CO2 Glass Vape Cartridge 2g Vaporizers,Indica - 8.99% Terpenes,FFE PDX,60.00,InStock,https://www.treasurevalleycannabis.com/product/ffe-2g-grape-high-chew-fs-co2-glass-vape-cartridge-68a4f6edd212350007d49b5b/,Treasure Valley Cannabis,2026-03-28T06:23:00.263720Z
Sessions Cannabis Extract 1g ROCK YOU LIKE A SLURRICANE Cured Resin 1g Concentrates,Hybrid - 10.29% Terpenes,Sessions Cannabis Extract,10.80,InStock,https://www.treasurevalleycannabis.com/product/sessions-cannabis-extract-1g-rock-you-like-a-slurricane-cured-resin-68a9e467ccecf30007f707a6/,Treasure Valley Cannabis,2026-03-28T06:23:00.273540Z
Rebel Spirit 0.7g BLACK CHERRY CARAMEL/EKKO&#8217;S COSMIC Pre Roll 8pk 5.6g Pre-rolls,Hybrid,Rebel Spirit,18.00,InStock,https://www.treasurevalleycannabis.com/product/rebel-spirit-0-7g-black-cherry-caramel-ekko-s-cosmic-pre-roll-8pk-68a4c4cc4587000007b7dc42/,Treasure Valley Cannabis,2026-03-28T06:23:00.284088Z
Bobsled 1000mg PACIFIC BLUE Live Resin Tincture 1g Tinctures,Indica,Bobsled Extracts,21.60,InStock,https://www.treasurevalleycannabis.com/product/bobsled-1000mg-pacific-blue-live-resin-tincture-68a3c6484a468700070080bf/,Treasure Valley Cannabis,2026-03-28T06:23:00.292950Z
$14 Cobra Kai 1g Flower,Indica-Hybrid - 3% Terpenes,Northwest Soiltech,14.00,InStock,https://www.treasurevalleycannabis.com/product/14-cobra-kai-68a4ac6dd484f20007fbec07/,Treasure Valley Cannabis,2026-03-28T06:23:00.349766Z
Out Cold 1g TROPICANNA Hash Rosin Badder 1g Concentrates,Sativa-Hybrid - 6.95% Terpenes - (Pineapple X Kali Mist) X Northern Lights #5 Lineage,Out Cold,44.00,InStock,https://www.treasurevalleycannabis.com/product/out-cold-1g-tropicanna-hash-rosin-badder-68a3cb6c861d1d000774d359/,Treasure Valley Cannabis,2026-03-28T06:23:00.386142Z
Entourage Cannabis 1.5g MEMORY LOSS x HERERBERRY BRULEE Infused Pre-Roll 3pk 4.5g Pre-rolls,Sativa-Hybrid x Sativa-Hybrid,Entourage Cannabis,27.00,InStock,https://www.treasurevalleycannabis.com/product/entourage-cannabis-1-5g-memory-loss-x-hererberry-brulee-infused-pre-roll-3pk-68a4ac6dd484f20007fbec0c/,Treasure Valley Cannabis,2026-03-28T06:23:00.404082Z
Taylor Sift .5g PAPAYA ICE CREAM Live Rosin Vape Cartridge .5g Vaporizers,Indica - 8.13% Terpenes,Moonwalk,33.00,InStock,https://www.treasurevalleycannabis.com/product/taylor-sift-5g-papaya-ice-cream-live-rosin-vape-cartridge-68a3cb6c861d1d000774d353/,Treasure Valley Cannabis,2026-03-28T06:23:00.413173Z
Entourage Cannabis 1g BERRY BLISS LR Vape Cartridge 1g Vaporizers,Indica-Hybrid - 11.42% Terpenes,Entourage Cannabis,33.00,InStock,https://www.treasurevalleycannabis.com/product/entourage-cannabis-1g-berry-bliss-lr-vape-cartridge-68a3852372e7c40007a9d03d/,Treasure Valley Cannabis,2026-03-28T06:23:00.422769Z
Eastwood 1g LEMON ROYALE x SUNSET ANIMAL Pre Roll 1g Pre-rolls,Hybrid - (Lemon Tree X (GMO X Triangle Kush)) x (Sunset Sherbet X Animal Cookies) Lineage,Eastwood Gardens,5.00,InStock,https://www.treasurevalleycannabis.com/product/eastwood-1g-lemon-royale-x-sunset-animal-pre-roll-68a3cb6c861d1d000774d350/,Treasure Valley Cannabis,2026-03-28T06:23:00.435433Z
Beehive 1g GOOFIES Live Resin All-In-One 1g Vaporizers,Hybrid - 11.48% Terpenes,Beehive Extracts,38.00,InStock,https://www.treasurevalleycannabis.com/product/beehive-1g-goofies-live-resin-all-in-one-68a3c6484a468700070080ad/,Treasure Valley Cannabis,2026-03-28T06:23:00.461861Z
Oregrown 1g BLOCK PARTY Live Rosin Cart 1g Vaporizers,Sativa - 13.1% Terpenes,Oregrown,49.50,InStock,https://www.treasurevalleycannabis.com/product/oregrown-1g-block-party-live-rosin-cart-68a4f6edd212350007d49b6a/,Treasure Valley Cannabis,2026-03-28T06:23:00.472693Z
FFE 1000mg JACK HERER High THC (Sativa) Tincture 1g Tinctures,A tincture is a mixture of an herbal extract and a liquid (usually alcohol or MCT oil) that is administered orally or sublingually via a dropper. Tinctures,FFE PDX,45.00,InStock,https://www.treasurevalleycannabis.com/product/ffe-1000mg-jack-herer-high-thc-sativa-tincture-68a3ba044a46870007004d1e/,Treasure Valley Cannabis,2026-03-28T06:23:00.480963Z
$10 Orange Candy 1g Flower,Sativa - Tropimango x Naran J Lineage,Rosebud Growers,10.00,InStock,https://www.treasurevalleycannabis.com/product/10-orange-candy-68a3770d0b2ccc00078bc7a0/,Treasure Valley Cannabis,2026-03-28T06:23:00.494034Z
FFE 1000mg BLUE MAGOO High THC Indica Tincture 1g Tinctures,A tincture is a mixture of an herbal extract and a liquid (usually alcohol or MCT oil) that is administered orally or sublingually via a dropper. Tinctures,FFE PDX,31.50,InStock,https://www.treasurevalleycannabis.com/product/ffe-1000mg-blue-magoo-high-thc-indica-tincture-68a3ba044a46870007004d1b/,Treasure Valley Cannabis,2026-03-28T06:23:00.524607Z
WLE 2g CREAMSICLE DREAM Flavored Distillate All-In-One 2g Vaporizers,Sativa-Hybrid - 8.33% Terpenes,White Label Extracts,45.00,InStock,https://www.treasurevalleycannabis.com/product/wle-2g-creamsicle-dream-flavored-distillate-all-in-one-68a2339b9bf53b0007bf8a3a/,Treasure Valley Cannabis,2026-03-28T06:23:00.538242Z
Portland Heights 1.03g SUPREME DREAM Moonrock Slims Infused Cannabis Pre-Roll 3pk 3.09g Pre-rolls,Sativa,Portland Heights,45.00,InStock,https://www.treasurevalleycannabis.com/product/portland-heights-1-03g-supreme-dream-moonrock-slims-infused-cannabis-pre-roll-3pk-68a3a1410126140008fd4374/,Treasure Valley Cannabis,2026-03-28T06:23:00.565442Z
Mule Extracts 1g PUNCH BREATH LR Vape Cartridge 1g Vaporizers,Indica - 4.31% Terpenes,Mule Extracts,21.00,InStock,https://www.treasurevalleycannabis.com/product/mule-extracts-1g-punch-breath-lr-vape-cartridge-68a241ac0f923400072af54d/,Treasure Valley Cannabis,2026-03-28T06:23:00.590935Z
Earl Baker .5g TROPHY DIESEL Pre Roll 10pk 5g Pre-rolls,Sativa - 5.04% Terpenes - Trophy Wife x Sour Diesel Lineage,Earl Baker,30.00,InStock,https://www.treasurevalleycannabis.com/product/earl-baker-5g-trophy-diesel-pre-roll-10pk-68a3a1410126140008fd4377/,Treasure Valley Cannabis,2026-03-28T06:23:00.666173Z
Entourage Cannabis 1.5g ZUYAQUI x FROSTED GARLIC KNOTS Infused Pre-Roll 1.5g Pre-rolls,Indica,Entourage Cannabis,12.00,InStock,https://www.treasurevalleycannabis.com/product/entourage-cannabis-1-5g-zuyaqui-x-frosted-garlic-knots-infused-pre-roll-68a3c6484a468700070080b6/,Treasure Valley Cannabis,2026-03-28T06:23:00.689597Z
Entourage Cannabis 1g SUPER BOOF Live Resin Disposable Cannabis Extract Vaporizer 1g Vaporizers,Hybrid - 7.20% Terpenes,Entourage Cannabis,40.50,InStock,https://www.treasurevalleycannabis.com/product/entourage-cannabis-1g-super-boof-live-resin-disposable-cannabis-extract-vaporizer-68a3852372e7c40007a9d040/,Treasure Valley Cannabis,2026-03-28T06:23:00.702582Z
High Desert Pure 1.7 fl oz 8:8:5:3 CBG:CBD:THC:CBN HONEY ALMOND HIBERNATE Full Spectrum Hemp &#038; Cannabis Tincture 1.7g Tinctures,"Do as the bears do in winter and catch some Z’s! We’re pretty sure some smart philosopher told us sleep was the best medicine, and who are we to disagree with",High Desert Pure,48.00,InStock,https://www.treasurevalleycannabis.com/product/high-desert-pure-1-7-fl-oz-8-8-5-3-cbg-cbd-thc-cbn-honey-almond-hibernate-full-spectrum-hemp-cannabis-tincture-68a7bf16fa22420007af8d49/,Treasure Valley Cannabis,2026-03-28T06:23:00.730084Z
Mule Extracts 1g ROGUE PLAYER 1 LR Dank Tank 1g Vaporizers,Hybrid - 5.40% Terpenes,Mule Extracts,36.00,InStock,https://www.treasurevalleycannabis.com/product/mule-extracts-1g-rogue-player-1-lr-dank-tank-68a7bf16fa22420007af8d46/,Treasure Valley Cannabis,2026-03-28T06:23:01.382137Z
Concrete Jungle Extracts 2g ROYAL JESTER Cured Resin 2g Concentrates,Indica - 3.15% Terpenes,Concrete Jungle Extracts,25.00,InStock,https://www.treasurevalleycannabis.com/product/concrete-jungle-extracts-2g-royal-jester-cured-resin-68a2097239a7c00007aeb54b/,Treasure Valley Cannabis,2026-03-28T06:23:01.643504Z
Entourage Cannabis 1g GASTRO POP LR Vape Cartridge 1g Vaporizers,Indica-Hybrid - 10.78% Terpenes - Apples &amp; Bananas x Grape Gas lineage,Entourage Cannabis,23.10,InStock,https://www.treasurevalleycannabis.com/product/entourage-cannabis-1g-gastro-pop-lr-vape-cartridge-68a2097239a7c00007aeb548/,Treasure Valley Cannabis,2026-03-28T06:23:01.652955Z
Oregrown 1g MCLAREN Live Rosin Badder 1g Concentrates,Sativa - 10% Terpenes,Oregrown,40.00,InStock,https://www.treasurevalleycannabis.com/product/oregrown-1g-mclaren-live-rosin-badder-68a0fe419bf53b0007bc538f/,Treasure Valley Cannabis,2026-03-28T06:23:01.665688Z
Knownot 1g SOUR SAM x SHERB PIE Diamonds Infused Pre Roll 1g Pre-rolls,Sativa,Knownot Farms,6.00,InStock,https://www.treasurevalleycannabis.com/product/knownot-1g-sour-sam-x-sherb-pie-diamonds-infused-pre-roll-68ab9856ebf82200076e3a5f/,Treasure Valley Cannabis,2026-03-28T06:23:01.706104Z
Good Smoke 0.5g TROPICANA CHERRY/RAINBOW BRITE Pre Roll 10pk 5g Pre-rolls,Sativa,SugarTop Buddery,20.00,InStock,https://www.treasurevalleycannabis.com/product/good-smoke-0-5g-tropicana-cherry-rainbow-brite-pre-roll-10pk-68a4c4cd4587000007b7dc4b/,Treasure Valley Cannabis,2026-03-28T06:23:01.847342Z
Verdant Leaf 500mg PASSION FRUIT &#8211; PAPAYA Live SHO Syrup 2g Tinctures,Indica-Hybrid,Verdant Leaf,21.00,InStock,https://www.treasurevalleycannabis.com/product/verdant-leaf-500mg-passion-fruit-papaya-live-sho-syrup-68a0f02e9bf53b0007bc13c9/,Treasure Valley Cannabis,2026-03-28T06:23:02.143453Z
Bobsled 2g SOUR BUBBA Cured Resin Dab Jar 2g Concentrates,Indica - 7.45% Terpenes,Bobsled Extracts,13.80,InStock,https://www.treasurevalleycannabis.com/product/bobsled-2g-sour-bubba-cured-resin-dab-jar-689fbacc9ce2a8000790388f/,Treasure Valley Cannabis,2026-03-28T06:23:02.726915Z
Disco Dabs 1g GOO BERRY Groovy Vape LR &#038; Diamonds Vape Cartridge 1g Vaporizers,Indica - 8.19% Terpenes,Disco Dabs,18.00,InStock,https://www.treasurevalleycannabis.com/product/disco-dabs-1g-goo-berry-groovy-vape-lr-diamonds-vape-cartridge-68a6227d861df10007a6dbac/,Treasure Valley Cannabis,2026-03-28T06:23:02.739553Z
Blazy Susan &#8211; Shortys 53mm (20pk) N/A Accessories,(20pk) N/A Accessories,Blazy Susan,8.75,InStock,https://www.treasurevalleycannabis.com/product/blazy-susan-shortys-53mm-20pk-68a10c51feb24300071d85c7/,Treasure Valley Cannabis,2026-03-28T06:23:02.770018Z
Altered Alchemy 1g AMERICAN SKUNK Live Resin 1g Concentrates,Hybrid - 10.910% Terpenes - Hippy Slayer x Hells Angels OG x Roadkill Skunk Lineage,Altered Alchemy,20.00,InStock,https://www.treasurevalleycannabis.com/product/altered-alchemy-1g-american-skunk-live-resin-68a3932e0126140008fd0389/,Treasure Valley Cannabis,2026-03-28T06:23:02.828231Z
Drops 100mg 1:1:1:1 THC:CBD:CBC:CBG CRANBERRY 2pk Live Rosin Jellies 12g Concentrates,Strain: Honey Wine,Drops,8.00,InStock,https://www.treasurevalleycannabis.com/product/drops-100mg-1-1-1-1-thc-cbd-cbc-cbg-cranberry-2pk-live-rosin-jellies-68a0e221feb24300071cd637/,Treasure Valley Cannabis,2026-03-28T06:23:02.856278Z
NorthWest Oiltech 1g DULCE DE FRESA Live Rosin 1g Concentrates,Hybrid- 9.59% Terpenes,NorthWest Oiltech,60.00,InStock,https://www.treasurevalleycannabis.com/product/northwest-oiltech-1g-dulce-de-fresa-live-rosin-68a0a9de662f38000856f69c/,Treasure Valley Cannabis,2026-03-28T06:23:02.881989Z
$6 Bananaconda 1g Flower,Hybrid - 2.89% Terpenes - Snake Cake X Dual OG #4 Lineage,Meraki Gardens,6.00,InStock,https://www.treasurevalleycannabis.com/product/6-bananaconda-68a0c5fc9bf53b0007bb6733/,Treasure Valley Cannabis,2026-03-28T06:23:03.231445Z
Mule Extracts 1g SUPERMASSIVE LR Vape Cartridge 1g Vaporizers,Sativa - 4.80% Terpenes,Mule Extracts,30.00,InStock,https://www.treasurevalleycannabis.com/product/mule-extracts-1g-supermassive-lr-vape-cartridge-68a0c5fc9bf53b0007bb6730/,Treasure Valley Cannabis,2026-03-28T06:23:03.247809Z
$10 Hash Burger* 1g Flower,Indica-Hybrid - 4.38% Terpenes - Han Solo Hash Plant X Double Burger Lineage,The Heights Co.,10.00,InStock,https://www.treasurevalleycannabis.com/product/10-hash-burger-68a3770d0b2ccc00078bc79d/,Treasure Valley Cannabis,2026-03-28T06:23:03.294949Z
$14 Zelephant 1g Flower,Hybrid - Zkittlez x Pink Elephant Lineage,Eastwood Gardens,14.00,InStock,https://www.treasurevalleycannabis.com/product/14-zelephant-68a49e6b4587000007b74ecf/,Treasure Valley Cannabis,2026-03-28T06:23:03.664183Z
$6 Warheads 1g Flower,Sativa-Hybrid - 2.09% Terpenes,Piff Stixs,3.60,InStock,https://www.treasurevalleycannabis.com/product/6-warheads-689f9eab9ce2a800078fa508/,Treasure Valley Cannabis,2026-03-28T06:23:03.941679Z
$6 Jager Cake 1g Flower,Hybrid - 2.06% Terpenes,Lone Pine Agro,4.80,InStock,https://www.treasurevalleycannabis.com/product/6-jager-cake-689e0661f4f2bc0007ef0d61/,Treasure Valley Cannabis,2026-03-28T06:23:03.954753Z
Wedding Cake 1g Vaporizers,Meet the Revamped Freshy Strainz! Now made with Melted Diamonds &amp; Live Resin delivering the True Entourage effect at an amazing price. Strainz has also,Freshy Strainz,20.00,InStock,https://www.treasurevalleycannabis.com/product/wedding-cake-43435-689e5bde0f923400071e5205/,Treasure Valley Cannabis,2026-03-28T06:23:03.992781Z
Piff Stixs .5g CAP JUNKY Liquid Diamonds Disposable Vape Cartridge .5g Vaporizers,Hybrid,Piff Stixs,9.00,InStock,https://www.treasurevalleycannabis.com/product/piff-stixs-5g-cap-junky-liquid-diamonds-disposable-vape-cartridge-689e775c87dc4100078a6911/,Treasure Valley Cannabis,2026-03-28T06:23:04.027596Z
Altered Alchemy 1g CARBON FIBER Live Resin 1g Concentrates,Hybrid - 5.36% Terpenes,Altered Alchemy,20.00,InStock,https://www.treasurevalleycannabis.com/product/altered-alchemy-1g-carbon-fiber-live-resin-68a3932e0126140008fd038c/,Treasure Valley Cannabis,2026-03-28T06:23:04.037854Z
Verdant Leaf 100mg CHERRY &#8211; TALLYMAN Live Rosin Nano-Infused Single Gummy 26.33g Edibles,Hybrid - Banana OG x Do-Si-Dos x Papaya Lineage,Verdant Leaf,4.90,InStock,https://www.treasurevalleycannabis.com/product/verdant-leaf-100mg-cherry-tallyman-live-rosin-nano-infused-single-gummy-689e5bde0f923400071e5202/,Treasure Valley Cannabis,2026-03-28T06:23:04.048775Z
Altered Alchemy 1g DIRTY TAXI Live Resin FECO 1g Edibles,Sativa,Altered Alchemy,20.00,InStock,https://www.treasurevalleycannabis.com/product/altered-alchemy-1g-dirty-taxi-live-resin-feco-689cfdf601f5b50007a2e43e/,Treasure Valley Cannabis,2026-03-28T06:23:04.072326Z
Echo Electuary 1g GRAPEFRUIT RUNTZ Live Resin All-In-One 1g Vaporizers,Sativa - 9.8% Terpenes Lineage: Dirty Sprite x Runtz,Echo Electuary,60.00,InStock,https://www.treasurevalleycannabis.com/product/echo-electuary-1g-grapefruit-runtz-live-resin-all-in-one-689e5bde0f923400071e51f9/,Treasure Valley Cannabis,2026-03-28T06:23:04.083425Z
Derby&#8217;s Farm .5g RIPPLE EFFECT Pre Roll 10pk 5g Pre-rolls,Sativa - N/A% Terpenes,Derby's Farm,18.00,InStock,https://www.treasurevalleycannabis.com/product/derby-s-farm-5g-ripple-effect-pre-roll-10pk-689cd17de9b29700077b4de9/,Treasure Valley Cannabis,2026-03-28T06:23:04.116630Z
Entourage Cannabis 1.5g MIND FLEX x FROZEN LIMON Live Resin Infused Pre-Roll 1.5g Pre-rolls,Mind Flex- Sativa,Entourage Cannabis,12.00,InStock,https://www.treasurevalleycannabis.com/product/entourage-cannabis-1-5g-mind-flex-x-frozen-limon-live-resin-infused-pre-roll-689b9c19d4f6fc0007e3a7b7/,Treasure Valley Cannabis,2026-03-28T06:23:04.126528Z
$6 Rainbow Soap 1g Flower,Indica-Hybrid - 2.70% Terpenes - Rainbow Sherbet #11 X Zoap Lineage,Gud Gardens,6.00,InStock,https://www.treasurevalleycannabis.com/product/6-rainbow-soap-68a0d40dfeb24300071ca68e/,Treasure Valley Cannabis,2026-03-28T06:23:04.573167Z
Piff Stixs 2g STRAWBERRY SOUR DIESEL Cured Resin Vape Cartridge 2g Vaporizers,Sativa,Piff Stixs,26.40,InStock,https://www.treasurevalleycannabis.com/product/piff-stixs-2g-strawberry-sour-diesel-cured-resin-vape-cartridge-689a74cb0a72fd00073f8828/,Treasure Valley Cannabis,2026-03-28T06:23:04.602531Z
$6 Piff Fuel 1g Flower,Indica-Hybrid,Piff Stixs,3.60,InStock,https://www.treasurevalleycannabis.com/product/6-piff-fuel-689b55cf1aa468000747f437/,Treasure Valley Cannabis,2026-03-28T06:23:04.661531Z
Dr. Jolly&#8217;s 1g RAINBOW BREATH Cured Resin Cartridge 1g Vaporizers,Indica - 4.10% Terpenes,Dr. Jolly's,30.00,InStock,https://www.treasurevalleycannabis.com/product/dr-jolly-s-1g-rainbow-breath-cured-resin-cartridge-689a90e8793f6b0007508409/,Treasure Valley Cannabis,2026-03-28T06:23:04.673001Z
$ oober Gas 1g Flower,Indica-Hybrid - 4.26% Terpenes,Northwest Soiltech,14.00,InStock,https://www.treasurevalleycannabis.com/product/oober-gas-689b63d81aa468000748350a/,Treasure Valley Cannabis,2026-03-28T06:23:04.697094Z
Happy Cabbage Blox Bites 100mg MIXED BERRY Hybrid Solventless Hash Gummies 10pk 60g Edibles,• Real fruit juice puree,Happy Cabbage,18.00,InStock,https://www.treasurevalleycannabis.com/product/happy-cabbage-blox-bites-100mg-mixed-berry-hybrid-solventless-hash-gummies-10pk-689a90e8793f6b000750840c/,Treasure Valley Cannabis,2026-03-28T06:23:05.104662Z
WLE 2g BLUE DREAM Flavored Distillate All-In-One 2g Vaporizers,Sativa-Hybrid - 7.12% Terpenes,White Label Extracts,31.50,InStock,https://www.treasurevalleycannabis.com/product/wle-2g-blue-dream-flavored-distillate-all-in-one-68a2339b9bf53b0007bf8a37/,Treasure Valley Cannabis,2026-03-28T06:23:05.138218Z
Sessions Cannabis Extract 1g SHORT CANDY Cured Resin Vape Cartridge 1g Vaporizers,Indica - 11.04% Terpenes,Sessions Cannabis Extract,20.00,InStock,https://www.treasurevalleycannabis.com/product/sessions-cannabis-extract-1g-short-candy-cured-resin-vape-cartridge-689b8e0b93c5b40007d81a86/,Treasure Valley Cannabis,2026-03-28T06:23:05.169482Z
RAW Classic Kingsize Cones (3pk) N/A Accessories,RAW Classic Kingsize Cones have revolutionized the smoking industry! That’s no exaggeration – they’re as easy as it gets! RAW’s precision-crafted pre-rolled,RAW,2.50,InStock,https://www.treasurevalleycannabis.com/product/raw-classic-kingsize-cones-3pk-689aad0a793f6b000750e76a/,Treasure Valley Cannabis,2026-03-28T06:23:05.201328Z
Treasure Valley&#8217;s Finest! 2g LOCO YODA Premium Cold Cure Live Hash Rosin Badder 2g Concentrates,Hybrid - 6.84% Terpenes,Treasure Valley's Finest,55.00,InStock,https://www.treasurevalleycannabis.com/product/treasure-valley-s-finest-2g-loco-yoda-premium-cold-cure-live-hash-rosin-badder-68a1ed4c0f9234000729d1a1/,Treasure Valley Cannabis,2026-03-28T06:23:05.213544Z
Blazy Susan &#8211; Shortys 53mm (12pk) N/A Accessories,(12pk) N/A Accessories,Blazy Susan,5.00,InStock,https://www.treasurevalleycannabis.com/product/blazy-susan-shortys-53mm-12pk-68a0fe419bf53b0007bc5392/,Treasure Valley Cannabis,2026-03-28T06:23:05.839706Z
Blazy Susan x Grateful Dead 1 1/4 Cones (6pk) N/A Accessories,(6pk) N/A Accessories,Blazy Susan,4.00,InStock,https://www.treasurevalleycannabis.com/product/blazy-susan-x-grateful-dead-1-1-4-cones-6pk-68a0fe419bf53b0007bc5395/,Treasure Valley Cannabis,2026-03-28T06:23:05.854426Z
Mule Extracts 1g RASPBERRY PARFAIT LR Vape Cartridge 1g Vaporizers,Sativa - 6.37% Terpenes,Mule Extracts,21.00,InStock,https://www.treasurevalleycannabis.com/product/mule-extracts-1g-raspberry-parfait-lr-vape-cartridge-689e5bde0f923400071e5209/,Treasure Valley Cannabis,2026-03-28T06:23:05.874374Z
Killa Beez .5g ACAPULCO GOLD/BACIO GELATO/APPLE FRITTER Killa Pre Roll 12pk 6g Pre-rolls,Acapulco Gold - Sativa - 24.45% THC,Killa Beez,22.50,InStock,https://www.treasurevalleycannabis.com/product/killa-beez-5g-acapulco-gold-bacio-gelato-apple-fritter-killa-pre-roll-12pk-689bb83c503e4e0007f5e3d3/,Treasure Valley Cannabis,2026-03-28T06:23:05.962820Z
Bobsled 1g BANANA HAMMOCK LR Vape Cartridge 1g Vaporizers,Indica - 14.47% Terpenes,Bobsled Extracts,21.00,InStock,https://www.treasurevalleycannabis.com/product/bobsled-1g-banana-hammock-lr-vape-cartridge-689f828d6882260007e2f519/,Treasure Valley Cannabis,2026-03-28T06:23:06.110265Z
$6 Purple Churro 1g Flower,Indica-Hybrid - 5.51% Terpenes - Cinnamon Horchata x Apples &amp; Banana Lineage,High Winds,6.00,InStock,https://www.treasurevalleycannabis.com/product/6-purple-churro-689ced9ae9b29700077be80f/,Treasure Valley Cannabis,2026-03-28T06:23:06.195116Z
Higher Cultures 1g VICE CITY Live Resin Vape Cartridge 1g Vaporizers,Hybrid - 6.86% Terpenes - Sunset Runtz x Scotty 2 Hotty Lineage,Higher Cultures,22.40,InStock,https://www.treasurevalleycannabis.com/product/higher-cultures-1g-vice-city-live-resin-vape-cartridge-689b8e0b93c5b40007d81a83/,Treasure Valley Cannabis,2026-03-28T06:23:06.305581Z
Echo Electuary 1g TOKYO SNOW Live Budder 1g Concentrates,Hybrid - 11.2% Terpenes,Echo Electuary,48.00,InStock,https://www.treasurevalleycannabis.com/product/echo-electuary-1g-tokyo-snow-live-budder-689e5bde0f923400071e51fc/,Treasure Valley Cannabis,2026-03-28T06:23:06.490215Z
Happy Cabbage Blox Bites 100mg PIÑA COLADA Hybrid Solventless Hash Gummies 10pk 60g Edibles,• Real fruit juice puree,Happy Cabbage,18.00,InStock,https://www.treasurevalleycannabis.com/product/happy-cabbage-blox-bites-100mg-pi-a-colada-hybrid-solventless-hash-gummies-10pk-689a90e8793f6b000750840f/,Treasure Valley Cannabis,2026-03-28T06:23:06.683272Z
